Project,hole_id,depth_from,depth_to,ModelStratigraphy
CM,CM06,0,1.8,CMN WAD
CM,CM06,1.8,5.4,CMN
CM,CM06,5.4,10.1,CMN WAD
CM,CM06,10.1,11.4,CMN
CM,CM06,11.4,14.5,CMN WAD
CM,CM06,14.5,55,CMN
CM,CM07,0,3.2,SOIL
CM,CM07,3.2,8.5,CMN
CM,CM07,8.5,13.7,CMN WAD
CM,CM07,13.7,40,CMN
CM,CM09,0,25,CMN
CM,CM09,25,26.4,CMN WAD
CM,CM09,26.4,28.7,CMN
CM,CM09,28.7,32.1,CMN WAD
CM,CM09,32.1,34.9,CMN
CM,CM09,34.9,43,CMN WAD
CM,CM09,43,47.5,CMN
CM,CM09,47.5,49,CMN WAD
CM,CM09,49,60,CMN
CM,CM10,0,16,CMN
CM,CM10,16,17.5,CMN WAD
CM,CM10,17.5,70,CMN
CM,CM12,0,8.5,CMN
CM,CM12,8.5,17.5,CMN WAD
CM,CM12,17.5,50,CMN
CM,CM13,0,28.2,CMN WAD
CM,CM13,28.2,50,CMN
CM,CM15,0,17,CMN
CM,CM15,17,19,CMN WAD
CM,CM15,19,26.5,CMN
CM,CM15,26.5,28.5,CMN WAD
CM,CM15,28.5,30,CMN
CM,CM15,30,35.5,CMN WAD
CM,CM15,35.5,43,CMN
CM,CM15,43,44.6,CMN WAD
CM,CM15,44.6,49.2,CMN
CM,CM15,49.2,50.5,CMN WAD
CM,CM15,50.5,52,CMN
CM,CM16,0,3.5,CMN WAD
CM,CM16,3.5,31.3,CMN
CM,CM16,31.3,60,CMN
CM,CM17,0,4.2,SOIL
CM,CM17,4.2,16.5,CMN WAD
CM,CM17,16.5,50.5,CMN
CM,CM19,0,28.2,CMN
CM,CM19,28.2,30.7,CMN WAD
CM,CM19,30.7,35.4,CMN
CM,CM19,35.4,45.3,CMN WAD
CM,CM19,45.3,53,CMN
CM,CM19,53,56.3,CMN WAD
CM,CM19,56.3,64.8,CMN
CM,CM19,64.8,68,CMN WAD
CM,CM19,68,75.3,CMN
CM,CM19,75.3,79.7,CMN WAD
CM,CM19,79.7,95,CMN
CM,CM21,0,71.5,CMN
CM,CM23,0,65.5,CMN
CM,CM29,0,2.5,CMN
CM,CM29,3.7,8,CMN
CM,CM29,8,10,CMN WAD
CM,CM29,10,61,CMN
CM,CM31,0,70,CMN
CM,CM33,0,56.5,CMN
CM,CM34,0,4.3,BOMZ
CM,CM34,4.3,65.5,CMN
CM,CM36,0,4.5,SOIL
CM,CM36,4.5,65.5,CMN
CM,CM37,0,62.5,CMN
CM,CM40,0,16.2,BOMZ
CM,CM40,16.2,37.2,CMN
CM,CM43,0,50.5,CMN
CM,CM44,0,71.5,CMN
CM,CM49,0,71.5,CMN
CM,CM51,0,50.5,CMN
CM,CM52,0,50.5,CMN
CM,CM55,0,2.5,SOIL
CM,CM55,2.5,65.5,CMN
CM,CM57,0,2.5,CMN
CM,CM57,2.5,4.5,CMN WAD
CM,CM57,4.5,14.5,CMN
CM,CM57,14.5,25.5,CMN WAD
CM,CM57,25.5,26.5,BRECCIA
CM,CM57,26.5,60.5,CMN
CM,CM58,0,32.5,CMN
CM,CM58,32.5,38.8,BRECCIA
CM,CM58,38.8,40.7,CMN
CM,CM58,40.7,52.5,BRECCIA
CM,CM58,52.5,83.5,CMN
CM,CM64,0,3.1,BOMZ
CM,CM64,3.1,6,CMN WAD
CM,CM64,6,53.5,CMN
MR,MR 10,0,24,LATERITE
MR,MR 10,24,64,CMN
MR,MR 102,0,9,LATERITE
MR,MR 102,9,15,CMN
MR,MR 102,15,20,RGS
MR,MR 102,20,41,CMN
MR,MR 102,41,63,RGS
MR,MR 103,0,28,SOIL
MR,MR 103,28,75,RAT
MR,MR 103,75,81,RSF/DSTRAT
MR,MR 103,81,91,RSC
MR,MR 104,0,1,SOIL
MR,MR 104,1,2,SOIL
MR,MR 104,2,3,SOIL
MR,MR 104,3,4,SOIL
MR,MR 104,4,5,SOIL
MR,MR 104,5,6,SOIL
MR,MR 104,6,7,SOIL
MR,MR 104,7,8,SOIL
MR,MR 104,8,9,SOIL
MR,MR 104,9,10,CMN
MR,MR 104,10,11,CMN
MR,MR 104,11,12,CMN
MR,MR 104,12,13,CMN
MR,MR 104,13,14,CMN
MR,MR 104,14,15,CMN
MR,MR 104,15,16,CMN
MR,MR 104,16,17,CMN
MR,MR 104,17,18,CMN
MR,MR 104,18,19,CMN
MR,MR 104,19,20,CMN
MR,MR 104,20,21,CMN
MR,MR 104,21,22,CMN
MR,MR 104,22,23,CMN
MR,MR 104,23,24,CMN
MR,MR 104,24,25,CMN
MR,MR 104,25,26,CMN
MR,MR 104,26,27,CMN
MR,MR 104,27,28,CMN
MR,MR 104,28,29,CMN
MR,MR 104,29,30,CMN
MR,MR 104,30,31,CMN
MR,MR 104,31,32,CMN
MR,MR 104,32,33,CMN
MR,MR 104,33,34,CMN
MR,MR 104,34,35,CMN
MR,MR 104,35,36,CMN
MR,MR 104,36,37,CMN
MR,MR 104,37,38,CMN
MR,MR 104,38,39,CMN
MR,MR 104,39,40,CMN
MR,MR 104,40,41,CMN
MR,MR 104,41,42,CMN
MR,MR 104,42,43,CMN
MR,MR 104,43,44,CMN
MR,MR 104,44,45,CMN
MR,MR 104,45,46,CMN
MR,MR 104,46,47,CMN
MR,MR 104,47,48,CMN
MR,MR 104,48,49,CMN
MR,MR 104,49,50,CMN
MR,MR 104,50,51,CMN
MR,MR 104,51,52,CMN
MR,MR 104,52,53,CMN
MR,MR 104,53,54,CMN
MR,MR 104,54,55,CMN
MR,MR 104,55,56,CMN
MR,MR 104,56,57,CMN
MR,MR 104,57,58,CMN
MR,MR 104,58,59,CMN
MR,MR 104,59,60,CMN
MR,MR 105,181,196.8,CMN
MR,MR 105,0,25,LATERITE
MR,MR 105,25,121,RAT
MR,MR 105,121,127.4,RSF/DSTRAT
MR,MR 105,127.4,142,RSC
MR,MR 105,142,156,SD
MR,MR 105,156,181,SD
MR,MR 106,0,9,LATERITE
MR,MR 106,9,35,CMN
MR,MR 106,35,44,SD
MR,MR 106,44,70,SD
MR,MR 106,70,82,CMN
MR,MR 107,0,14,LATERITE
MR,MR 107,14,40,CMN
MR,MR 109,0,30,LATERITE
MR,MR 109,30,56,SD
MR,MR 109,56,80,CMN
MR,MR 11,0,10,LATERITE
MR,MR 11,10,77,CMN
MR,MR 113,0,45,LATERITE
MR,MR 113,45,51,SD
MR,MR 17,0,13,SOIL
MR,MR 17,13,45,CMN
MR,MR 17,45,71,SD
MR,MR 17,71,82,RGS
MR,MR 17,82,89,SD
MR,MR 19,0,10,LATERITE
MR,MR 19,10,70,CMN
MR,MR 20,0,21,LATERITE
MR,MR 20,21,147,CMN
MR,MR 20,147,157.7,SD
MR,MR 20,157.7,178,SD
MR,MR 20,178,184,SD
MR,MR 20,184,211,SD
MR,MR 20,211,270,RSC
MR,MR 20,270,287,RSF/DSTRAT
MR,MR 20,287,299,RSF/DSTRAT
MR,MR 20,299,299.1,MV
MR,MR 20,299.1,305,RAT
MR,MR 24,0,15,LATERITE
MR,MR 24,15,60,CMN
MR,MR 25,0,8,LATERITE
MR,MR 25,8,111,RAT
MR,MR 25,111,123.35,MV
MR,MR 25,123.35,136.3,RSF/DSTRAT
MR,MR 25,136.3,221,BRECCIA
MR,MR 26,0,17,LATERITE
MR,MR 26,17,34,CMN
MR,MR 27,0,24,LATERITE
MR,MR 27,24,57,CMN
MR,MR 28,0,112,
MR,MR 28,112,129.9,RAT
MR,MR 28,129.9,130,MV
MR,MR 28,130,135,RSF/DSTRAT
MR,MR 28,135,141.5,RSF/DSTRAT
MR,MR 28,141.5,158,RSC
MR,MR 28,158,161.5,SD
MR,MR 28,161.5,231,SD
MR,MR 31,0,12,LATERITE
MR,MR 31,12,45,RAT
MR,MR 31,45,90,CMN
MR,MR 31,90,147,RAT
MR,MR 31,147,150,MV
MR,MR 31,150,155,RSF/DSTRAT
MR,MR 31,155,159,RSF/DSTRAT
MR,MR 31,159,170,RSC
MR,MR 31,170,171,SD
MR,MR 31,171,176,RSC
MR,MR 32,0,24,LATERITE
MR,MR 32,24,50,CMN
MR,MR 33,0,74,
MR,MR 33,74,114.9,RAT
MR,MR 33,114.9,115,MV
MR,MR 33,115,118.7,RSF/DSTRAT
MR,MR 33,118.7,123.4,RSF/DSTRAT
MR,MR 33,123.4,126,RSC
MR,MR 34,0,8,LATERITE
MR,MR 34,8,33,CMN
MR,MR 34,33,50,BRECCIA
MR,MR 35,0,6,LATERITE
MR,MR 35,6,70,CMN
MR,MR 36,0,8,LATERITE
MR,MR 36,8,51,CMN
MR,MR 37,0,14,LATERITE
MR,MR 37,14,60,CMN
MR,MR 40,0,1,SOIL
MR,MR 40,1,2,SOIL
MR,MR 40,2,3,SOIL
MR,MR 40,3,4,SOIL
MR,MR 40,4,5,SOIL
MR,MR 40,5,6,SOIL
MR,MR 40,6,7,SOIL
MR,MR 40,7,8,SOIL
MR,MR 40,8,9,SOIL
MR,MR 40,9,10,SOIL
MR,MR 40,10,11,SOIL
MR,MR 40,11,12,SOIL
MR,MR 40,12,13,SOIL
MR,MR 40,13,14,RGS
MR,MR 40,14,15,RGS
MR,MR 40,15,16,RGS
MR,MR 40,16,17,RGS
MR,MR 40,17,18,RGS
MR,MR 40,18,19,RAT
MR,MR 40,19,20,RAT
MR,MR 40,20,21,RAT
MR,MR 40,21,22,RAT
MR,MR 40,22,23,CMN
MR,MR 40,23,24,CMN
MR,MR 40,24,25,CMN
MR,MR 40,25,26,CMN
MR,MR 40,26,27,CMN
MR,MR 40,27,28,CMN
MR,MR 40,28,29,CMN
MR,MR 40,29,30,CMN
MR,MR 40,30,31,CMN
MR,MR 40,31,32,CMN
MR,MR 40,32,33,CMN
MR,MR 40,33,34,CMN
MR,MR 40,34,35,CMN
MR,MR 40,35,36,CMN
MR,MR 40,36,37,CMN
MR,MR 40,37,38,CMN
MR,MR 40,38,39,CMN
MR,MR 40,39,40,CMN
MR,MR 40,40,41,CMN
MR,MR 40,41,42,CMN
MR,MR 40,42,43,CMN
MR,MR 40,43,44,CMN
MR,MR 40,44,45,CMN
MR,MR 40,45,46,CMN
MR,MR 40,46,47,CMN
MR,MR 40,47,48,CMN
MR,MR 40,48,49,CMN
MR,MR 40,49,50,CMN
MR,MR 40,50,51,CMN
MR,MR 40,51,52,CMN
MR,MR 40,52,53,CMN
MR,MR 40,53,54,CMN
MR,MR 40,54,55,CMN
MR,MR 40,55,56,CMN
MR,MR 40,56,57,CMN
MR,MR 40,57,58,CMN
MR,MR 40,58,59,CMN
MR,MR 40,59,60,CMN
MR,MR 40,60,61,CMN
MR,MR 41,0,8,LATERITE
MR,MR 41,8,51,RAT
MR,MR 41,51,70,SD
MR,MR 42,0,7,LATERITE
MR,MR 42,7,44,BRECCIA
MR,MR 42,44,70,RAT
MR,MR 56,0,20,LATERITE
MR,MR 56,20,62,CMN
MR,MR 57,0,5,LATERITE
MR,MR 57,5,21,CMN
MR,MR 58,0,6,LATERITE
MR,MR 58,6,49,CMN
MR,MR 62,0,2,LATERITE
MR,MR 62,2,60,CMN
MR,MR 63,0,6,LATERITE
MR,MR 63,6,60,CMN
MR,MR 66,0,8,LATERITE
MR,MR 66,8,57,CMN
MR,MR 69,0,9,LATERITE
MR,MR 69,9,60,CMN
MR,MR 70,0,17,LATERITE
MR,MR 70,17,28,RAT
MR,MR 70,28,92,CMN
MR,MR 72,0,23,LATERITE
MR,MR 72,23,80,CMN
MR,MR 73,0,2,LATERITE
MR,MR 73,2,70,CMN
MR,MR 74,0,10,LATERITE
MR,MR 74,10,44,CMN
MR,MR 75,0,9,LATERITE
MR,MR 75,9,65,CMN
MR,MR 77,0,6,LATERITE
MR,MR 77,6,51,CMN
MR,MR 78,0,7,LATERITE
MR,MR 78,7,70,CMN
MR,MR 79,0,5,LATERITE
MR,MR 79,5,65,CMN
OXS,OXS02,0,11.7,BOMZ
OXS,OXS02,11.7,38.4,CMN
OXS,OXS02,38.4,75.8,BRECCIA
OXS,OXS02,75.8,76.3,CMN
OXS,OXS02,76.3,80,BRECCIA
OXS,OXS04,0,11,RAT
OXS,OXS04,11,14.5,RSF/DSTRAT
OXS,OXS04,14.5,14.8,RSF/DSTRAT
OXS,OXS04,14.8,28,RSC
OXS,OXS04,28,40,SD
OXS,OXS04,40,41.5,CMN WAD
OXS,OXS04,41.5,63,SD
OXS,OXS04,63,91,BOMZ
OXS,OXS04,91,100,CMN
OXS,OXS04,100,122.5,BRECCIA
OXS,OXS04,122.5,154,CMN
OXY,OXY02,0,26.5,BRECCIA
OXY,OXY02,26.5,51.5,RAT
OXY,OXY02,51.5,55.5,BRECCIA
OXY,OXY02,55.5,59.5,RAT
OXY,OXY02,59.5,65.3,BRECCIA
OXY,OXY02,65.3,66,CMN WAD
OXY,OXY02,66,80.5,CMN
OXY,OXY02,80.5,90,BRECCIA
OXY,OXY02,90,97.6,CMN
OXY,OXY02,97.6,106.6,BRECCIA
OXY,OXY02,106.6,150,CMN
OXY,OXY08,0,33.5,CMN
OXY,OXY08,33.5,87.5,BRECCIA
OXY,OXY08,87.5,111,BRECCIA
OXY,OXY08,111,119.2,CMN
OXY,OXY08,119.2,155,BRECCIA
RPD,RPD01,0,9,BOMZ
RPD,RPD01,9,15.5,SD
RPD,RPD01,15.5,22,BOMZ
RPD,RPD01,22,62.8,SD
RPD,RPD01,62.8,75.8,RSC
RPD,RPD01,75.8,82.9,RSF/DSTRAT
RPD,RPD01,82.9,88,RSF/DSTRAT
RPD,RPD01,88,100,RAT
RPD,RPD03,0,7.2,SD
RPD,RPD03,7.2,21.7,BOMZ
RPD,RPD03,21.7,70,SD
RPD,RPD03,70,80.2,RSC
RPD,RPD03,80.2,84.25,RSF/DSTRAT
RPD,RPD03,84.25,87.5,RSF/DSTRAT
RPD,RPD03,87.5,91.7,MV
RPD,RPD03,91.7,113.3,RAT
RPD,RPD04,0,40,SD
RPD,RPD05,0,4,SD
RPD,RPD05,4,20,LMZ
RPD,RPD05,20,28,BRECCIA
RPD,RPD05,28,33.5,RSF/DSTRAT
RPD,RPD05,33.5,40,RSF/DSTRAT
RPD,RPD05,40,44.9,MV
RPD,RPD05,44.9,45,RAT
RPD,RPD06,0,11.5,CMN
RPD,RPD06,11.5,15.4,BOMZ
RPD,RPD06,15.4,21,CMN
RPD,RPD06,21,22.5,BOMZ
RPD,RPD06,22.5,28,CMN
RPD,RPD06,28,49.1,BOMZ
RPD,RPD06,49.1,50,RSC
RPD,RPD08,0,29,BOMZ
RPD,RPD08,29,40,SD
RPD,RPD11,0,19,SD
RPD,RPD11,19,25.2,SD
RPD,RPD11,25.2,40,RSC
RPD,RPD110,0,21.7,RAT
RPD,RPD110,21.7,22,MV
RPD,RPD110,22,27,RSF/DSTRAT
RPD,RPD110,27,37,RSC
RPD,RPD110,37,43.5,SD
RPD,RPD110,43.5,67,SD
RPD,RPD110,67,80,CMN
RPD,RPD112,0,28,RAT
RPD,RPD112,28,31,BRECCIA
RPD,RPD112,31,39,MV
RPD,RPD112,39,39.8,RSF/DSTRAT
RPD,RPD112,39.8,49,RSF/DSTRAT
RPD,RPD112,49,61,RSC
RPD,RPD112,61,65.2,SD
RPD,RPD112,65.2,70,SD
RPD,RPD113,0,8,SD
RPD,RPD113,8,28,BOMZ
RPD,RPD113,28,40,CMN
RPD,RPD114,0,22,SD
RPD,RPD114,22,37.2,BOMZ
RPD,RPD114,37.2,61,CMN
RPD,RPD116,0,7,RAT
RPD,RPD116,7,14.3,MV
RPD,RPD116,14.3,17,RSF/DSTRAT
RPD,RPD116,17,22.7,RSF/DSTRAT
RPD,RPD116,22.7,28,RSC
RPD,RPD116,28,34,SD
RPD,RPD116,34,50,SD
RPD,RPD116,50,65,CMN
RPD,RPD119,0,77.5,LATERITE
RPD,RPD119,77.5,113,RAT
RPD,RPD119,113,118.8,LMZ
RPD,RPD119,118.8,201.2,SD
RPD,RPD119,201.2,263.7,BOMZ
RPD,RPD119,263.7,284.6,SD
RPD,RPD119,284.6,300.5,RAT
RPD,RPD119,300.5,305.8,BRECCIA
RPD,RPD119,305.8,310.3,RAT
RPD,RPD119,310.3,313,BRECCIA
RPD,RPD121,0,91.2,LATERITE
RPD,RPD121,91.2,99,RAT
RPD,RPD121,99,121,RAT
RPD,RPD121,121,146.5,SD
RPD,RPD121,146.5,169,BOMZ
RPD,RPD121,169,200,CMN
RPD,RPD123,0,2.8,SOIL
RPD,RPD123,2.8,35,LATERITE
RPD,RPD123,35,43,RAT
RPD,RPD123,43,66,BRECCIA
RPD,RPD123,66,104,RAT
RPD,RPD123,104,109,LMZ
RPD,RPD123,109,115,MV
RPD,RPD123,115,120.3,RSF/DSTRAT
RPD,RPD123,120.3,129.7,RSF/DSTRAT
RPD,RPD123,129.7,140,RSC
RPD,RPD123,140,145,SD
RPD,RPD123,145,271,SD
RPD,RPD123,271,274,BOMZ
RPD,RPD123,274,285,SD
RPD,RPD123,285,300,CMN
RPD,RPD125,0,2,SOIL
RPD,RPD125,2,13.7,LATERITE
RPD,RPD125,13.7,38.5,RAT
RPD,RPD125,38.5,48,BRECCIA
RPD,RPD125,48,62.2,RAT
RPD,RPD125,62.2,73.5,BRECCIA
RPD,RPD125,73.5,80.5,RAT
RPD,RPD125,80.5,172.5,BRECCIA
RPD,RPD125,172.5,179,MV
RPD,RPD125,179,184,SD
RPD,RPD125,184,186.6,BOMZ
RPD,RPD125,186.6,190,RSF/DSTRAT
RPD,RPD125,190,215.3,RSC
RPD,RPD125,215.3,221,SD
RPD,RPD125,221,285.8,RSC
RPD,RPD125,285.8,290.2,RSF/DSTRAT
RPD,RPD125,290.2,300.8,RSF/DSTRAT
RPD,RPD125,300.8,311.5,CMN
RPD,RPD125,311.5,377,BRECCIA
RPD,RPD127,0,59.3,LATERITE
RPD,RPD127,59.3,92.7,RAT
RPD,RPD127,92.7,101.7,RAT
RPD,RPD127,101.7,137.7,RAT
RPD,RPD127,137.7,177,BRECCIA
RPD,RPD127,177,203.7,CMN
RPD,RPD129,0,5.3,SOIL
RPD,RPD129,5.3,20.6,LATERITE
RPD,RPD129,20.6,93.9,RAT
RPD,RPD129,93.9,111.9,BRECCIA
RPD,RPD129,111.9,158.6,RAT
RPD,RPD129,158.6,177.6,BRECCIA
RPD,RPD129,177.6,182.4,SD
RPD,RPD129,182.4,221.6,SD
RPD,RPD129,221.6,264.9,SD
RPD,RPD129,264.9,277.1,CMN
RPD,RPD130,0,3,SOIL
RPD,RPD130,3,80.6,LATERITE
RPD,RPD130,80.6,111.6,RAT
RPD,RPD130,111.6,155.6,SD
RPD,RPD130,155.6,187.9,CMN
RPD,RPD130,187.9,209.6,BOMZ
RPD,RPD130,209.6,223.1,CMN WAD
RPD,RPD130,223.1,226.5,SD
RPD,RPD130,226.5,266.7,CMN
RPD,RPD130,266.7,300.6,SD
RPD,RPD146,0,59.4,CMN
RPD,RPD146,59.4,80.9,BRECCIA
RPD,RPD146,80.9,124.5,CMN
RPD,RPD146,124.5,162.5,SD
RPD,RPD146,162.5,168.5,SD
RPD,RPD146,168.5,179.5,RSC
RPD,RPD146,179.5,185.2,RSF/DSTRAT
RPD,RPD146,185.2,187.1,RSF/DSTRAT
RPD,RPD146,187.1,213.4,MV
RPD,RPD146,213.4,215.5,RAT
RPD,RPD19,0,14,SD
RPD,RPD19,14,23.5,SD
RPD,RPD19,23.5,25.6,RSC
RPD,RPD19,25.6,30,RSF/DSTRAT
RPD,RPD19,30,60,RSF/DSTRAT
RPD,RPD20,0,10.3,SD
RPD,RPD20,10.3,30.1,SD
RPD,RPD20,30.1,47,RSC
RPD,RPD20,47,53.9,RSF/DSTRAT
RPD,RPD20,53.9,57,RSF/DSTRAT
RPD,RPD20,57,57.1,MV
RPD,RPD20,57.1,60,RAT
RPD,RPD22,0,4,RSF/DSTRAT
RPD,RPD22,4,7,RSF/DSTRAT
RPD,RPD22,7,8.5,RSC
RPD,RPD22,8.5,16.5,MV
RPD,RPD22,16.5,32.1,RAT
RPD,RPD29,0,0.3,RSC
RPD,RPD29,0.3,5.8,RSF/DSTRAT
RPD,RPD29,5.8,8,RSF/DSTRAT
RPD,RPD29,8,16.7,MV
RPD,RPD29,16.7,20,RAT
RPD,RPD32,0,34,SD
RPD,RPD32,34,82,SD
RPD,RPD32,82,92.8,RSC
RPD,RPD32,92.8,97,RSF/DSTRAT
RPD,RPD32,97,102.7,RSF/DSTRAT
RPD,RPD32,102.7,113,MV
RPD,RPD32,113,120.4,RAT
RPD,RPD34,0,69.2,SD
RPD,RPD34,69.2,76.6,SD
RPD,RPD34,76.6,87.6,RSC
RPD,RPD34,87.6,94,RSF/DSTRAT
RPD,RPD34,94,96.8,RSF/DSTRAT
RPD,RPD34,96.8,103.2,MV
RPD,RPD34,103.2,105,RAT
RPD,RPD35,0,9.7,SD
RPD,RPD35,9.7,47.6,SD
RPD,RPD35,47.6,71.5,RSC
RPD,RPD35,71.5,76.5,RSF/DSTRAT
RPD,RPD35,76.5,82.2,RSF/DSTRAT
RPD,RPD35,82.2,95,MV
RPD,RPD35,95,96,MV
RPD,RPD36,0,18.3,SD
RPD,RPD36,18.3,40,SD
RPD,RPD38,0,5.2,CMN WAD
RPD,RPD38,5.2,70,SD
RPD,RPD40,0,23.9,BOMZ
RPD,RPD40,23.9,60,CMN
RPD,RPD41,0,16.6,RSC
RPD,RPD41,16.6,22.1,RSF/DSTRAT
RPD,RPD41,22.1,31.1,RSF/DSTRAT
RPD,RPD41,31.1,42.9,MV
RPD,RPD41,42.9,43,RAT
RPD,RPD43,0,32.1,SD
RPD,RPD43,32.1,40,SD
RPD,RPD44,0,53,SD
RPD,RPD45,0,5,LATERITE
RPD,RPD45,5,71,SD
RPD,RPD45,71,75,RSC
RPD,RPD46,0,2.5,RSF/DSTRAT
RPD,RPD46,2.5,8.4,RSC
RPD,RPD46,8.4,17.4,SD
RPD,RPD46,17.4,50.4,SD
RPD,RPD46,50.4,56.4,BOMZ
RPD,RPD46,56.4,70,CMN
RPD,RPD47,0,19,SD
RPD,RPD47,19,38.6,SD
RPD,RPD47,38.6,50,BOMZ
RPD,RPD47,50,70,CMN
RPD,RPD48,0,9,RAT
RPD,RPD48,9,17.5,MV
RPD,RPD48,17.5,19,RSF/DSTRAT
RPD,RPD48,19,20.8,RSF/DSTRAT
RPD,RPD48,20.8,30.6,RSC
RPD,RPD48,30.6,41.5,SD
RPD,RPD48,41.5,58.5,SD
RPD,RPD48,58.5,63.5,BOMZ
RPD,RPD48,63.5,66.5,SD
RPD,RPD48,66.5,85,CMN
RPD,RPD49,0,32.5,SD
RPD,RPD49,32.5,47,CMN
RPD,RPD50,0,33.5,SD
RPD,RPD50,33.5,44.4,BOMZ
RPD,RPD50,44.4,81.5,CMN
RPD,RPD51,0,6,RAT
RPD,RPD51,6,14,BRECCIA
RPD,RPD51,14,19.9,MV
RPD,RPD51,19.9,21.5,RSF/DSTRAT
RPD,RPD51,21.5,25.4,RSF/DSTRAT
RPD,RPD51,25.4,27.6,RSC
RPD,RPD51,27.6,39,SD
RPD,RPD51,39,47.5,SD
RPD,RPD51,47.5,51.2,BOMZ
RPD,RPD51,51.2,87.5,CMN
RPD,RPD52,0,13,SD
RPD,RPD52,13,33.5,BOMZ
RPD,RPD52,33.5,50.5,CMN
RPD,RPD53,0,28,SD
RPD,RPD53,28,32.5,BOMZ
RPD,RPD53,32.5,41.6,SD
RPD,RPD53,41.6,60,CMN
RPD,RPD55,0,9,RAT
RPD,RPD55,9,12.5,MV
RPD,RPD55,12.5,16,RSF/DSTRAT
RPD,RPD55,16,21,RSF/DSTRAT
RPD,RPD55,21,32.5,RSC
RPD,RPD55,32.5,42,SD
RPD,RPD55,42,58.8,SD
RPD,RPD55,58.8,70,CMN
RPD,RPD56,0,2,RSC
RPD,RPD56,2,16.5,SD
RPD,RPD56,16.5,43,SD
RPD,RPD56,43,50.5,BOMZ
RPD,RPD58,0,3.5,RAT
RPD,RPD58,3.5,10.6,MV
RPD,RPD58,10.6,11.5,RSF/DSTRAT
RPD,RPD58,11.5,15.6,RSF/DSTRAT
RPD,RPD58,15.6,22.6,RSC
RPD,RPD58,22.6,26.7,SD
RPD,RPD58,26.7,29.1,RSC
RPD,RPD58,29.1,35.5,SD
RPD,RPD58,35.5,59.5,SD
RPD,RPD58,59.5,70.5,CMN
RPD,RPD60,0,100,CMN
RPD,RPD66,0,4,SOIL
RPD,RPD66,4,49.5,LATERITE
RPD,RPD66,49.5,61.4,RAT
RPD,RPD66,61.4,67,BRECCIA
RPD,RPD66,67,74,LMZ
RPD,RPD66,74,76,RSF/DSTRAT
RPD,RPD66,76,84,RSF/DSTRAT
RPD,RPD66,84,101,RSC
RPD,RPD66,101,110,SD
RPD,RPD66,110,139.3,SD
RPD,RPD66,139.3,174.7,
RPD,RPD66,174.7,248,SD
RPD,RPD66,248,279.7,
RPD,RPD67,0,4,SOIL
RPD,RPD67,4,55.7,LATERITE
RPD,RPD67,55.7,74,RAT
RPD,RPD67,74,78,LMZ
RPD,RPD67,78,83.5,RSF/DSTRAT
RPD,RPD67,83.5,85,RSF/DSTRAT
RPD,RPD67,85,101.5,RSC
RPD,RPD67,101.5,115,SD
RPD,RPD67,115,296.5,SD
RPD,RPD67,296.5,305,CMN
RPD,RPD75,0,37.8,LATERITE
RPD,RPD75,37.8,45,LMZ
RPD,RPD75,45,47.8,RSF/DSTRAT
RPD,RPD75,47.8,49.7,RSF/DSTRAT
RPD,RPD75,49.7,63,RSC
RPD,RPD75,63,74.5,SD
RPD,RPD75,74.5,153,SD
RPD,RPD75,153,162,
RPD,RPD75,162,195,BOMZ
RPD,RPD75,195,208,SD
RPD,RPD75,208,270,
RPD,RPD82,0,35,LATERITE
RPD,RPD82,35,73,RAT
RPD,RPD82,73,89,MV
RPD,RPD82,89,91.1,RSF/DSTRAT
RPD,RPD82,91.1,95.9,RSF/DSTRAT
RPD,RPD82,95.9,107.8,RSC
RPD,RPD82,107.8,117,SD
RPD,RPD82,117,183,SD
RPD,RPD82,183,201,
RPD,RPD82,201,228,SD
RPD,RPD82,228,267,
RPD,RPD86,37,79,RAT
RPD,RPD86,79,83.8,BRECCIA
RPD,RPD86,83.8,88.7,RAT
RPD,RPD86,88.7,96,BRECCIA
RPD,RPD86,96,101.7,MV
RPD,RPD86,101.7,102.2,RSF/DSTRAT
RPD,RPD86,102.2,108.1,RSF/DSTRAT
RPD,RPD86,108.1,120.5,RSC
RPD,RPD86,120.5,147.6,SD
RPD,RPD86,147.6,167,RSC
RPD,RPD86,167,172,RSF/DSTRAT
RPD,RPD86,172,174.2,RSF/DSTRAT
RPD,RPD86,174.2,184.8,MV
RPD,RPD86,184.8,195,LMZ
RPD,RPD86,195,202,RAT
RPD,RPD87,0,23.8,LATERITE
RPD,RPD87,23.8,56.1,RAT
RPD,RPD87,56.1,85.7,BRECCIA
RPD,RPD87,85.7,93.1,MV
RPD,RPD87,93.1,95,RSF/DSTRAT
RPD,RPD87,95,99.05,RSF/DSTRAT
RPD,RPD87,99.05,99.2,RSC
RPD,RPD87,99.2,102.8,SD
RPD,RPD87,102.8,104.1,
RPD,RPD87,104.1,109,SD
RPD,RPD87,109,113.9,
RPD,RPD87,113.9,117.1,SD
RPD,RPD87,117.1,137,
RPD,RPD87,137,146.7,SD
RPD,RPD87,146.7,184.9,
RPD,RPD87,184.9,200,SD
RSP,RSP01,0,14.5,LATERITE
RSP,RSP01,14.5,44.4,CMN
RSP,RSP01,44.4,74.4,BOMZ
RSP,RSP01,74.4,80.4,CMN
RSP,RSP01,80.4,101.1,SD
RSP,RSP01,101.1,111.8,SD
RSP,RSP01,111.8,128.7,RSC
RSP,RSP01,128.7,134.8,RSF/DSTRAT
RSP,RSP01,134.8,141.9,RSF/DSTRAT
RSP,RSP01,141.9,145.9,MV
RSP,RSP01,145.9,163.9,BRECCIA
RSP,RSP09,0,54.8,SD
RSP,RSP09,54.8,89.7,SD
RSP,RSP09,89.7,96.6,SD
RSP,RSP09,96.6,122.8,RSC
RSP,RSP09,122.8,131.7,RSF/DSTRAT
RSP,RSP09,131.7,138.9,RSF/DSTRAT
RSP,RSP09,138.9,149.7,MV
RSP,RSP09,149.7,155.7,RAT
RSP,RSP10,0,3,SD
RSP,RSP10,3,14.5,RDC
RSP,RSP10,14.5,31.5,RSF/DSTRAT
RSP,RSP10,31.5,35.3,RSF/DSTRAT
RSP,RSP10,35.3,48.9,MV
RSP,RSP10,48.9,52.6,RAT
RSP,RSP10,52.6,72.2,BRECCIA
RSP,RSP10,72.2,86.5,RAT
RSP,RSP11,0,36,SD
RSP,RSP11,36,48,SD
RSP,RSP11,48,69.8,SD
RSP,RSP11,69.8,79.7,SD
RSP,RSP11,79.7,93.2,RSC
RSP,RSP11,93.2,97.3,RSF/DSTRAT
RSP,RSP11,97.3,102,RSF/DSTRAT
RSP,RSP11,102,111.8,MV
RSP,RSP11,111.8,120,RAT
RSP,RSP15,0,11.2,RSF/DSTRAT
RSP,RSP15,11.2,39.5,RSF/DSTRAT
RSP,RSP15,39.5,62.4,MV
RSP,RSP15,62.4,65.5,RAT
RSP,RSP15,65.5,76.3,RAT
RSP,RSP15,76.3,86.9,RAT
RSP,RSP15,86.9,97.9,RAT
RSP,RSP15,97.9,113.5,RAT
RSP,RSP16,0,22.5,SD
RSP,RSP16,22.5,50.5,SD
RSP,RSP16,50.5,78.8,SD
RSP,RSP16,78.8,87.6,SD
RSP,RSP16,87.6,102.7,RSC
RSP,RSP16,102.7,108.4,RSF/DSTRAT
RSP,RSP16,108.4,115.7,RSF/DSTRAT
RSP,RSP16,115.7,136.5,MV
RSP,RSP16,136.5,167,RAT
RSP,RSP16,167,171.5,RAT
RSP,RSP17,0,14.8,RSC
RSP,RSP17,14.8,33.8,SD
RSP,RSP17,33.8,53.7,SD
RSP,RSP17,53.7,62,SD
RSP,RSP17,62,79.6,SD
RSP,RSP17,79.6,107.7,RSC
RSP,RSP17,107.7,121.6,RSF/DSTRAT
RSP,RSP17,121.6,127.7,RSF/DSTRAT
RSP,RSP17,127.7,143.2,MV
RSP,RSP17,143.2,155.7,RAT
RSP,RSP18,0,35.5,SD
RSP,RSP18,35.5,46.4,SD
RSP,RSP18,46.4,56.4,SD
RSP,RSP18,56.4,87.9,SD
RSP,RSP18,87.9,114.9,SD
RSP,RSP18,114.9,121.6,SD
RSP,RSP18,121.6,132.9,SD
RSP,RSP18,132.9,158,RSC
RSP,RSP18,158,160.6,RSF/DSTRAT
RSP,RSP18,160.6,160.9,RSC
RSP,RSP18,160.9,161.3,RSF/DSTRAT
RSP,RSP18,161.3,167.6,RSC
RSP,RSP18,167.6,181.6,RSF/DSTRAT
RSP,RSP18,181.6,188.6,RSF/DSTRAT
RSP,RSP18,188.6,228.5,MV
RSP,RSP18,228.5,233.3,RAT
RSP,RSP19,0,1.3,soil
RSP,RSP19,1.3,11,LATERITE
RSP,RSP19,11,63.9,RAT
RSP,RSP19,63.9,68,BRECCIA
RSP,RSP19,68,86.2,RAT
RSP,RSP19,86.2,89,BRECCIA
RSP,RSP19,89,110,RAT
RSP,RSP19,110,116,BRECCIA
RSP,RSP19,116,119.2,RAT
RSP,RSP19,119.2,131.1,BRECCIA
RSP,RSP19,131.1,136.7,
RSP,RSP19,136.7,142.9,RAT
RSP,RSP19,142.9,149,BRECCIA
RSP,RSP19,149,158.1,RAT
RSP,RSP19,158.1,164.8,MV
RSP,RSP19,164.8,167.8,RSF/DSTRAT
RSP,RSP19,167.8,173.1,RSF/DSTRAT
RSP,RSP19,173.1,184.7,RSC
RSP,RSP19,184.7,186.9,SD
RSP,RSP19,186.9,203,SD
RSP,RSP19,203,233,SD
RSP,RSP19,233,251,SD
RSP,RSP20,0,5.2,SOIL
RSP,RSP20,5.2,11.4,SOIL
RSP,RSP20,11.4,23.4,LATERITE
RSP,RSP20,23.4,120.6,RAT
RSP,RSP20,120.6,176.4,BRECCIA
RSP,RSP20,176.4,182.4,RAT
RSP,RSP20,182.4,186.3,MV
RSP,RSP20,186.3,190.9,RSF/DSTRAT
RSP,RSP20,190.9,193.9,RSF/DSTRAT
RSP,RSP20,193.9,206.5,RSC
RSP,RSP20,206.5,210.4,SD
RSP,RSP21,0,5.8,SOIL
RSP,RSP21,5.8,20.2,LATERITE
RSP,RSP21,20.2,89.5,RAT
RSP,RSP21,89.5,92.5,BRECCIA
RSP,RSP21,92.5,113.5,RAT
RSP,RSP21,113.5,130.4,BRECCIA
RSP,RSP21,130.4,140.6,RAT
RSP,RSP21,140.6,146.4,BRECCIA
RSP,RSP21,146.4,151.9,RAT
RSP,RSP21,151.9,159.7,MV
RSP,RSP21,159.7,163.3,RSF/DSTRAT
RSP,RSP21,163.3,167.3,RSF/DSTRAT
RSP,RSP21,167.3,173.5,RSC
RSP,RSP22,0,1,SOIL
RSP,RSP22,1,3.7,SOIL
RSP,RSP22,3.7,12,LATERITE
RSP,RSP22,12,126,RAT
RSP,RSP22,126,138,BRECCIA
RSP,RSP22,138,157,RAT
RSP,RSP22,157,165.3,BRECCIA
RSP,RSP22,165.3,170.3,MV
RSP,RSP22,170.3,173,RSF/DSTRAT
RSP,RSP22,173,177,RSF/DSTRAT
RSP,RSP22,177,190,RSC
RSP,RSP24,0,2.5,SOIL
RSP,RSP24,2.5,9.5,LATERITE
RSP,RSP24,9.5,38.9,CMN
RSP,RSP24,38.9,52.8,BOMZ
RSP,RSP24,52.8,176.7,CMN
RSP,RSP24,176.7,185.5,BRECCIA
RSP,RSP26,0,3,Soil
RSP,RSP26,3,9,LATERITE
RSP,RSP26,9,59.89,Rat
RSP,RSP26,59.89,78.82,BRECCIA
RSP,RSP26,78.82,91.62,Rat
RSP,RSP26,91.62,100,BRECCIA
RSS,RSS02,0,2.3,SOIL
RSS,RSS02,2.3,80,CMN
RSS,RSS04,0,50,CMN
RSS,RSS05,0,5.7,SD
RSS,RSS05,5.7,22,SD
RSS,RSS05,22,28.7,
RSS,RSS05,28.7,47.7,SD
RSS,RSS05,47.7,54,CMN
RSS,RSS06,0,10.8,SD
RSS,RSS06,10.8,50,
RSS,RSS06,50,78.3,SD
RSS,RSS06,78.3,80,CMN
RSS,RSS07,0,16.7,SD
RSS,RSS07,16.7,21.2,SD
RSS,RSS07,21.2,40,SD
RSS,RSS08,0,8.4,RSF/DSTRAT
RSS,RSS08,8.4,10.7,RSF/DSTRAT
RSS,RSS08,10.7,11.5,MV
RSS,RSS08,11.5,15.2,RAT
RSS,RSS08,15.2,24.1,RAT
RSS,RSS10,0,52.3,LATERITE
RSS,RSS10,52.3,88.3,SD
RSS,RSS10,88.3,90,BOMZ
RSS,RSS10,90,131.3,CMN
RSS,RSS11,0,51.8,LATERITE
RSS,RSS11,51.8,90,SD
RSS,RSS11,90,116.2,BOMZ
RSS,RSS11,116.2,151,CMN
RSS,RSS12,0,0.4,SOIL
RSS,RSS12,0.4,51.2,LATERITE
RSS,RSS12,51.2,55.7,RSC
RSS,RSS12,55.7,61,SD
RSS,RSS12,61,116.5,SD
RSS,RSS12,116.5,129,BOMZ
RSS,RSS12,129,159,CMN
RSS,RSS13,0,1.8,SOIL
RSS,RSS13,1.8,34.2,LATERITE
RSS,RSS13,34.2,41.1,RAT
RSS,RSS13,41.1,46.8,RSF/DSTRAT
RSS,RSS13,46.8,51.2,RSF/DSTRAT
RSS,RSS13,51.2,62.9,RSC
RSS,RSS13,62.9,66.2,SD
RSS,RSS13,66.2,124.2,SD
RSS,RSS13,124.2,137.8,BOMZ
RSS,RSS13,137.8,153.3,CMN
RSS,RSS13,153.3,180,CMN
RSS,RSS14,0,23.2,LATERITE
RSS,RSS14,23.2,71.3,RAT
RSS,RSS14,71.3,72.6,RSF/DSTRAT
RSS,RSS14,72.6,73.2,RSF/DSTRAT
RSS,RSS14,73.2,88,RSC
RSS,RSS14,88,96,SD
RSS,RSS14,96,137.7,SD
RSS,RSS14,137.7,161.6,BOMZ
RSS,RSS14,161.6,188.6,CMN
RSS,RSS15,0,1.2,SOIL
RSS,RSS15,1.2,48,LATERITE
RSS,RSS15,48,78.5,RAT
RSS,RSS15,78.5,88.2,MV
RSS,RSS15,97,97.6,RSF/DSTRAT
RSS,RSS15,97.6,108.4,RSC
RSS,RSS15,108.4,125,SD
RSS,RSS15,125,153,SD
RSS,RSS15,153,165,BOMZ
RSS,RSS15,165,193.8,CMN
RSS,RSS15,88.2,97,RSF/DSTRAT
RSS,RSS17,0,5.5,LATERITE
RSS,RSS17,5.5,66.2,RAT
RSS,RSS17,66.2,78.4,MV
RSS,RSS17,78.4,80.8,RSF/DSTRAT
RSS,RSS17,80.8,82.9,RSF/DSTRAT
RSS,RSS17,82.9,92.7,RSC
RSS,RSS17,92.7,114.7,SD
RSS,RSS17,114.7,140.9,SD
RSS,RSS17,140.9,145.7,BOMZ
RSS,RSS17,145.7,153.2,CMN
RSS,RSS18,0,1.3,SOIL
RSS,RSS18,1.3,27,LATERITE
RSS,RSS18,27,31.3,RAT
RSS,RSS18,31.3,35.9,RSF/DSTRAT
RSS,RSS18,35.9,36.4,RSF/DSTRAT
RSS,RSS18,36.4,45.3,RSC
RSS,RSS18,45.3,48.3,BRECCIA
RSS,RSS18,48.3,80,SD
RSS,RSS18,80,82.2,SD
RSS,RSS18,82.2,107,SD
RSS,RSS18,107,123.1,BOMZ
RSS,RSS18,123.1,150,CMN
RSS,RSS20,0,0.3,SOIL
RSS,RSS20,0.3,12.4,LATERITE
RSS,RSS20,12.4,39.1,BRECCIA
RSS,RSS20,39.1,40.1,RSF/DSTRAT
RSS,RSS20,40.1,43.7,RSF/DSTRAT
RSS,RSS20,43.7,55.6,RSC
RSS,RSS20,55.6,90.9,SD
RSS,RSS20,90.9,116.8,BOMZ
RSS,RSS20,116.8,135.2,CMN
RSS,RSS21,0,7,LATERITE
RSS,RSS21,7,90.6,RAT
RSS,RSS21,90.6,99.4,BRECCIA
RSS,RSS21,99.4,125.2,CMN
RSS,RSS22,0,3,SOIL
RSS,RSS22,3,30,LATERITE
RSS,RSS22,30,71,RAT
RSS,RSS22,71,76,MV
RSS,RSS22,76,83,RSF/DSTRAT
RSS,RSS22,83,85,RSF/DSTRAT
RSS,RSS22,85,97,RSC
RSS,RSS22,97,106,SD
RSS,RSS22,106,127.5,
RSS,RSS22,127.5,163,SD
RSS,RSS22,163,166.1,BOMZ
RSS,RSS22,166.1,187.3,CMN
RSS,RSS23,0,1.25,SOIL
RSS,RSS23,1.25,48,LATERITE
RSS,RSS23,48,60.7,RAT
RSS,RSS23,60.7,67.1,MV
RSS,RSS23,67.1,73.4,RSF/DSTRAT
RSS,RSS23,73.4,80.8,RSF/DSTRAT
RSS,RSS23,80.8,90.7,RSC
RSS,RSS23,90.7,95,SD
RSS,RSS23,95,146,SD
RSS,RSS23,146,160.5,BOMZ
RSS,RSS23,160.5,176,CMN
RSS,RSS24,0,20.3,LATERITE
RSS,RSS24,20.3,80.8,RAT
RSS,RSS24,80.8,90,MV
RSS,RSS24,90,93,RSF/DSTRAT
RSS,RSS24,93,101.5,RSF/DSTRAT
RSS,RSS24,101.5,108.2,RSC
RSS,RSS24,108.2,112.7,SD
RSS,RSS24,112.7,168.9,SD
RSS,RSS24,168.9,180,BOMZ
RSS,RSS24,180,208.1,CMN
RSS,RSS25,0,20.8,LATERITE
RSS,RSS25,20.8,80.9,RAT
RSS,RSS25,80.9,89,MV
RSS,RSS25,89,97.7,RSF/DSTRAT
RSS,RSS25,97.7,101,RSF/DSTRAT
RSS,RSS25,101,114.7,RSC
RSS,RSS25,114.7,118.7,SD
RSS,RSS25,118.7,132.8,SD
RSS,RSS25,132.8,138.1,SD
RSS,RSS25,138.1,162.2,SD
RSS,RSS25,162.2,163.4,BRECCIA
RSS,RSS25,163.4,184.5,BOMZ
RSS,RSS26,0,58.4,LATERITE
RSS,RSS26,58.4,72.6,RAT
RSS,RSS26,72.6,76.37,RSF/DSTRAT
RSS,RSS26,76.37,80.2,RSF/DSTRAT
RSS,RSS26,80.2,80.7,RSC
RSS,RSS26,80.7,84.5,BRECCIA
RSS,RSS26,84.5,89,RSC
RSS,RSS26,89,105.3,SD
RSS,RSS26,105.3,122.5,SD
RSS,RSS26,122.5,138.12,BOMZ
RSS,RSS26,138.12,163,CMN
RSS,RSS27,0,3.5,SD
RSS,RSS27,3.5,68.8,CMN
RSS,RSS28,0,1.3,BOMZ
RSS,RSS28,1.3,40,CMN
RSS,RSS29,0,46.7,RAT
RSS,RSS29,46.7,52,BRECCIA
RSS,RSS29,52,79.4,CMN
RSS,RSS30,0,3.8,LATERITE
RSS,RSS30,3.8,5.1,RSF/DSTRAT
RSS,RSS30,5.1,8.4,RSF/DSTRAT
RSS,RSS30,8.4,19.3,RSC
RSS,RSS30,19.3,25.5,SD
RSS,RSS30,25.5,49.6,SD
RSS,RSS30,49.6,54.9,BOMZ
RSS,RSS30,54.9,87.6,CMN
RSS,RSS31,0,0.5,SOIL
RSS,RSS31,0.5,51.4,SD
RSS,RSS31,51.4,57,BOMZ
RSS,RSS31,57,100,CMN
RSS,RSS32,0,34.8,SD
RSS,RSS32,34.8,50.2,BOMZ
RSS,RSS32,50.2,67.6,CMN
RSS,RSS32,67.6,77.1,BRECCIA
RSS,RSS32,77.1,100,CMN
RSS,RSS33,0,0.2,LATERITE
RSS,RSS33,0.2,23,SD
RSS,RSS33,23,90.5,CMN
RSS,RSS33,90.5,102,CMN
RSS,RSS34,0,94.4,CMN
RSS,RSS37,0,2,LATERITE
RSS,RSS37,2,28,RAT
RSS,RSS37,28,34.6,MV
RSS,RSS37,34.6,35.1,RSF/DSTRAT
RSS,RSS37,35.1,40.3,RSF/DSTRAT
RSS,RSS37,40.3,53,RSC
RSS,RSS37,53,53.8,BRECCIA
RSS,RSS37,53.8,82,SD
RSS,RSS37,82,111.2,CMN
RSS,RSS39,0,26.8,RAT
RSS,RSS39,26.8,48.4,BRECCIA
RSS,RSS39,48.4,83.3,CMN
RSS,RSS40,0,59.2,RAT
RSS,RSS40,59.2,70,MV
RSS,RSS40,70,74.8,RSF/DSTRAT
RSS,RSS40,74.8,89,BRECCIA
RSS,RSS40,89,111,CMN
RSS,RSS41,0,2.2,LATERITE
RSS,RSS41,2.2,62.8,RAT
RSS,RSS41,62.8,73,MV
RSS,RSS41,73,75.2,RSF/DSTRAT
RSS,RSS41,75.2,76.2,RSF/DSTRAT
RSS,RSS41,76.2,78.4,RSC
RSS,RSS41,78.4,81.7,SD
RSS,RSS41,88.1,97.7,BOMZ
RSS,RSS41,81.7,88.1,SD
RSS,RSS41,97.7,115.1,CMN
RSS,RSS43,0,7.9,CMN
RSS,RSS43,7.9,25.9,BOMZ
RSS,RSS43,25.9,38,CMN
RSS,RSS47,0,3,SOIL
RSS,RSS47,3,65,CMN
RSS,RSS48,0,1.5,SOIL
RSS,RSS48,1.5,34.6,CMN
RSS,RSS48,34.6,42.6,BRECCIA
RSS,RSS48,42.6,80,CMN
RSS,RSS49,0,4.5,LATERITE
RSS,RSS49,4.5,69,RAT
RSS,RSS49,69,73.4,MV
RSS,RSS49,73.4,77.4,RSF/DSTRAT
RSS,RSS49,77.4,86,BRECCIA
RSS,RSS49,86,99.6,SD
RSS,RSS49,99.6,103.1,BOMZ
RSS,RSS49,103.1,104.3,CMN
RSS,RSS50,0,60,CMN
RSS,RSS53,0,10.4,LATERITE
RSS,RSS53,10.4,28.8,RAT
RSS,RSS53,28.8,47.6,BRECCIA
RSS,RSS53,47.6,69.7,
RSS,RSS53,69.7,71.7,BRECCIA
RSS,RSS53,71.7,74.5,MV
RSS,RSS53,74.5,76.9,RSF/DSTRAT
RSS,RSS53,76.9,78.9,RSF/DSTRAT
RSS,RSS53,78.9,84.1,RSC
RSS,RSS53,84.1,106.3,SD
RSS,RSS53,106.3,109.3,BOMZ
RSS,RSS53,109.3,118.8,CMN
RSS,RSS54,0,17.9,LATERITE
RSS,RSS54,17.9,42.9,RAT
RSS,RSS54,42.9,62.1,BRECCIA
RSS,RSS54,62.1,64.1,SD
RSS,RSS54,64.1,100,BRECCIA
RSS,RSS54,100,104.4,RAT
RSS,RSS54,104.4,122.5,BRECCIA
RSS,RSS54,122.5,125.1,CMN
RSS,RSS55,0,10.5,LATERITE
RSS,RSS55,10.5,22.3,RAT
RSS,RSS55,22.3,46.2,BRECCIA
RSS,RSS55,46.2,54.7,RAT
RSS,RSS55,54.7,61.7,BRECCIA
RSS,RSS55,61.7,69.5,RAT
RSS,RSS55,69.5,86.1,BRECCIA
RSS,RSS55,86.1,98.3,CMN
RSS,RSS59,0,4.9,LATERITE
RSS,RSS59,4.9,36.3,RAT
RSS,RSS59,36.3,42.5,BRECCIA
RSS,RSS59,42.5,46.4,CMN
RSS,RSS59,46.4,118.9,BRECCIA
RSS,RSS60,0,4.5,LATERITE
RSS,RSS60,4.5,38.8,RAT
RSS,RSS60,38.8,126.2,CMN
RSS,RSS61,0,3.9,LATERITE
RSS,RSS61,3.9,50,RAT
RSS,RSS61,50,65,BRECCIA
RSS,RSS61,65,66.2,CMN
RSS,RSS61,66.2,94.6,BRECCIA
RSS,RSS61,94.6,95.5,CMN
RSS,RSS61,95.5,107.5,BOMZ
RSS,RSS61,107.5,131.4,CMN
